group_name,name,date_birth,generation,country,name_complete,img_src,imgur_img
soloist,BoA,1986-11-05,gen1,South Korea,soloist BoA,https://static.wikia.nocookie.net/kpop/images/4/44/GOT_the_beat_BoA_Stamp_On_It_concept_photo_4.png,xesVuX8.jpeg
Apink,Bomi,1993-08-13,gen2,South Korea,Apink Bomi,https://static.wikia.nocookie.net/kpop/images/c/c5/CHOBOM_Bomi_Copycat_concept_photo_2.png,FHllnqY.jpeg
Sistar,Bora,1989-12-30,gen2,South Korea,Sistar Bora,https://static.wikia.nocookie.net/kpop/images/b/bc/Bora_KeyEast_profile_photo_%281%29.png,XFSnOXe.png
2NE1,CL,1991-02-26,gen2,South Korea,2NE1 CL,https://static.wikia.nocookie.net/kpop/images/9/9a/CL_Alpha_concept_photo_3.png,6Qzsiwy.jpeg
AOA,Chanmi,1996-06-19,gen2,South Korea,AOA Chanmi,https://static.wikia.nocookie.net/kpop/images/4/4f/AOA_Chanmi_New_Moon_jacket_poster_1.png,QZ1eJwc.jpeg
AOA,Choa,1990-03-06,gen2,South Korea,AOA Choa,https://static.wikia.nocookie.net/kpop/images/d/dd/Choa_profile_photo_2022.png,YrjSiU3.jpeg
Apink,Chorong,1991-03-03,gen2,South Korea,Apink Chorong,https://static.wikia.nocookie.net/kpop/images/c/c0/CHOBOM_Chorong_Copycat_concept_photo_2.png,Nj8CLUy.jpeg
Sistar,Dasom,1993-05-06,gen2,South Korea,Sistar Dasom,https://static.wikia.nocookie.net/kpop/images/d/dc/Dasom_Story_J_Company_profile_photo.png,MWpFZoW.png
EXID,Haeryung,1994-11-11,gen2,South Korea,EXID Haeryung,https://static.wikia.nocookie.net/kpop/images/c/c0/Na_Hae_Ryung_Management_2sang_profile_photo.png,SHXJ1rh.png
EXID,Hani,1992-05-01,gen2,South Korea,EXID Hani,https://static.wikia.nocookie.net/kpop/images/5/57/EXID_Hani_X_concept_photo_%281%29.png,1tqFknq.jpeg
Apink,Hayoung,1996-07-19,gen2,South Korea,Apink Hayoung,https://static.wikia.nocookie.net/kpop/images/f/f8/Apink_Hayoung_Horn_concept_photo_3.png,qRFys3W.jpeg
AOA,Hyejeong,1993-08-10,gen2,South Korea,AOA Hyejeong,https://static.wikia.nocookie.net/kpop/images/a/ad/AOA_Hyejeong_New_Moon_jacket_poster_1.png,okjVFkD.jpeg
EXID,Hyerin,1993-08-23,gen2,South Korea,EXID Hyerin,https://static.wikia.nocookie.net/kpop/images/b/b4/EXID_Hyelin_X_concept_photo_%281%29.png,C7spu99.jpeg
Girls' Generation,Hyo,1989-09-22,gen2,South Korea,Girls' Generation Hyo,https://static.wikia.nocookie.net/kpop/images/5/5e/GOT_the_beat_Hyoyeon_Stamp_On_It_concept_photo_4.png,dS8UPyw.jpeg
Sistar,Hyolyn,1990-12-11,gen2,South Korea,Sistar Hyolyn,https://static.wikia.nocookie.net/kpop/images/1/14/Hyolyn_Ice_concept_photo_14.png,NwwNnAe.jpeg
soloist,IU,1993-05-16,gen2,South Korea,soloist IU,https://static.wikia.nocookie.net/kpop/images/6/6d/IU_Strawberry_Moon_Concept_Teaser.png,Wfz8smb.jpeg
Apink,Jeong Eunji,1993-08-18,gen2,South Korea,Apink Jeong Eunji,https://static.wikia.nocookie.net/kpop/images/6/61/Jeong_Eun_Ji_Log_concept_photo_2.png,CY4G9Ea.jpeg
Girls' Generation,Jessica,1989-04-18,gen2,South Korea,Girls' Generation Jessica,https://upload.wikimedia.org/wikipedia/commons/b/bf/Jessica_on_the_CLEO_Thailand_magazine_%28cropped%29.png,3yBxR2a.jpeg
AOA,Jimin,1991-01-08,gen2,South Korea,AOA Jimin,https://static.wikia.nocookie.net/kpop/images/2/22/Shin_Jimin_Boxes_promotional_photo.png,4uDETkl.jpeg
EXID,Junghwa,1995-05-08,gen2,South Korea,EXID Junghwa,https://static.wikia.nocookie.net/kpop/images/f/fc/EXID_Jeonghwa_X_concept_photo_%281%29.png,PSWBIiK.jpeg
EXID,Kang Hye Yeon,1990-12-08,gen2,South Korea,EXID Kang Hye Yeon,https://static.wikia.nocookie.net/kpop/images/c/c4/Kang_Hye_Yeon_Sunday_Hyeyeon_promo_photo.png,cRnrT3V.jpeg
f(x),Krystal,1994-10-24,gen2,South Korea,f(x) Krystal,https://static.wikia.nocookie.net/kpop/images/6/69/Krystal_I_Don%27t_Wanna_Love_You_concept_photo_%281%29.png,TWqxrSX.jpeg
EXID,LE,1991-12-10,gen2,South Korea,EXID LE,https://static.wikia.nocookie.net/kpop/images/8/89/EXID_LE_X_concept_photo_%282%29.png,c6UN0Ym.jpeg
f(x),Luna,1993-08-12,gen2,South Korea,f(x) Luna,https://static.wikia.nocookie.net/kpop/images/5/56/Luna_Madonna_concept_photo_1.png,F6PnQYs.jpeg
AOA,Mina,1993-09-21,gen2,South Korea,AOA Mina,https://static.wikia.nocookie.net/kpop/images/4/46/Mina_BNT_International_2020_%281%29.png/,D3RhzOZ.jpeg
2NE1,Minzy,1994-01-18,gen2,South Korea,2NE1 Minzy,https://static.wikia.nocookie.net/kpop/images/1/11/Minzy_Watcha_Original_%27Double_Trouble%27_poster.png,QV2m2YD.png
Apink,Naeun,1994-02-10,gen2,South Korea,Apink Naeun,https://static.wikia.nocookie.net/kpop/images/b/b9/Son_Na_Eun_YG_Entertainment_profile_photo.png,jtKQ0Y1.png
Apink,Namjoo,1995-04-15,gen2,South Korea,Apink Namjoo,https://static.wikia.nocookie.net/kpop/images/0/08/Apink_Namjoo_Horn_concept_photo_4.png,4cQYpZG.jpeg
2NE1,Park Bom,1984-03-24,gen2,South Korea,2NE1 Park Bom,http://res.heraldm.com/content/image/2014/07/01/20140701000575_0.jpg,Wvw6Bix.jpeg
2NE1,Sandara Park,1984-11-12,gen2,South Korea,2NE1 Sandara Park,https://static.wikia.nocookie.net/kpop/images/c/c6/Sandara_Park_Abyss_Company_Promotional_Photo_%281%29.png,3vmY6iW.png
Girls' Generation,Seohyun,1991-06-28,gen2,South Korea,Girls' Generation Seohyun,https://static.wikia.nocookie.net/kpop/images/f/f1/Girls%27_Generation_Seohyun_Forever_1_concept_photo_1.png,NhJDxQE.jpeg
AOA,Seolhyun,1995-01-03,gen2,South Korea,AOA Seolhyun,https://static.wikia.nocookie.net/kpop/images/b/b7/Seolhyun_IEUM_Hashtag_profile_photo_%28November_2022%29.png,S7ZvDk6.png
EXID,Solji,1989-01-10,gen2,South Korea,EXID Solji,https://static.wikia.nocookie.net/kpop/images/7/7c/EXID_Solji_X_concept_photo_%281%29.png,CcQuKCx.jpeg
Girls' Generation,Sooyoung,1990-02-10,gen2,South Korea,Girls' Generation Sooyoung,https://static.wikia.nocookie.net/kpop/images/b/b7/Girls%27_Generation_Sooyoung_Forever_1_concept_photo_7.png,fEuwz0V.jpeg
Sistar,Soyou,1992-02-12,gen2,South Korea,Sistar Soyou,https://static.wikia.nocookie.net/kpop/images/9/99/Soyou_Day_%26_Night_teaser_photo_2.png,kYWWowy.jpeg
f(x),Sulli,1994-03-29,gen2,South Korea,f(x) Sulli,https://static.wikia.nocookie.net/kpop/images/f/f5/Sulli_Goblin_promotional_photo_2.png,aB8qobB.png
Girls' Generation,Sunny,1989-05-15,gen2,South Korea,Girls' Generation Sunny,https://static.wikia.nocookie.net/kpop/images/5/54/Girls%27_Generation_Sunny_Forever_1_concept_photo_2.png,wBYhaRw.jpeg
Girls' Generation,Taeyeon,1989-03-09,gen2,South Korea,Girls' Generation Taeyeon,https://static.wikia.nocookie.net/kpop/images/b/b4/GOT_the_beat_Taeyeon_Stamp_On_It_concept_photo_4.png,hNM4nC9.jpeg
Girls' Generation,Tiffany,1989-08-01,gen2,South Korea,Girls' Generation Tiffany,https://static.wikia.nocookie.net/kpop/images/0/09/Tiffany_SUBLIME_profile_photo.png,leSjkjs.png
EXID,Uji,1991-01-02,gen2,South Korea,EXID Uji,https://static.wikia.nocookie.net/kpop/images/6/62/Jung_Yooji_World_Star_Entertainment_profile_photo.png,nLIt2bQ.png
f(x),Victoria,1987-02-02,gen2,China,f(x) Victoria,https://static.wikia.nocookie.net/kpop/images/f/f2/Victoria_Victoria_album_concept_photo_6.png,rCAsPIZ.png
Apink,Yookyung,1994-11-22,gen2,South Korea,Apink Yookyung,https://static.wikia.nocookie.net/kpop/images/5/5e/Apink_Yookyung_Une_Annee_concept_photo.png,z33MiBf.png
Girls' Generation,Yoona,1990-05-30,gen2,Japan,Girls' Generation Yoona,https://static.wikia.nocookie.net/kpop/images/e/e6/Girls%27_Generation_Yoona_Forever_1_concept_photo_3.png,uw1gNJ9.jpeg
AOA,Youkyung,1993-03-15,gen2,South Korea,AOA Youkyung,https://static.wikia.nocookie.net/kpop/images/1/19/UNI_Youkyung_profile_photo.png,FE2p4AT.png
AOA,Yuna,1992-12-30,gen2,South Korea,AOA Yuna,https://static.wikia.nocookie.net/kpop/images/b/bf/AOA_Yuna_New_Moon_jacket_poster_1.png,SwByUez.jpeg
Girls' Generation,Yuri,1989-12-05,gen2,South Korea,Girls' Generation Yuri,https://static.wikia.nocookie.net/kpop/images/3/3c/Girls%27_Generation_Yuri_Forever_1_concept_photo_8.png,MHU8ojX.jpeg
Momoland,AhIn,1999-09-27,gen3,South Korea,Momoland AhIn,https://static.wikia.nocookie.net/kpop/images/d/d9/MOMOLAND_Ahin_Yummy_Yummy_Love_concept_photo.png,NRliQWy.jpeg
Oh My Girl,Arin,1999-06-18,gen3,South Korea,Oh My Girl Arin,https://static.wikia.nocookie.net/kpop/images/d/d5/OH_MY_GIRL_Arin_Blue_%26_Black_concept_photo_01.png,llxjzqr.jpeg
WJSN,Bona,1995-08-19,gen3,South Korea,WJSN Bona,https://static.wikia.nocookie.net/kpop/images/3/3c/WJSN_Bona_WJSN_2023_Season%27s_Greetings_The_Mood_teaser_01.png,tKXYTSD.jpeg
Alice,Chaejeong,1999-08-26,gen3,South Korea,Alice Chaejeong,https://static.wikia.nocookie.net/kpop/images/7/75/ALICE_Chaejeong_Dance_On_concept_photo_02.png,J7WKqXB.jpeg
Twice,Chaeyoung,1999-04-23,gen3,South Korea,Twice Chaeyoung,https://static.wikia.nocookie.net/kpop/images/4/40/TWICE_Chaeyoung_Ready_To_Be_concept_photo_1.png,B1mdidp.jpeg
WJSN,Cheng Xiao,1998-07-15,gen3,China,WJSN Cheng Xiao,https://static.wikia.nocookie.net/kpop/images/c/c1/Cheng_Xiao_Focus-X_teaser_photo_%284%29.png,yOL4OOz.png
Twice,Dahyun,1998-05-28,gen3,South Korea,Twice Dahyun,https://static.wikia.nocookie.net/kpop/images/9/9b/TWICE_Dahyun_Ready_To_Be_concept_photo_1.png,rc0f2rq.jpeg
Momoland,Daisy,1999-01-22,gen3,South Korea,Momoland Daisy,https://static.wikia.nocookie.net/kpop/images/3/39/MOMOLAND_Daisy_Fun_To_The_World_promo_photo.png,KV06GVf.jpeg
Dreamcatcher,Dami,1997-03-07,gen3,South Korea,Dreamcatcher Dami,https://static.wikia.nocookie.net/kpop/images/3/3c/Dreamcatcher_Dami_Apocalypse_Follow_Us_teaser_photo_%281%29.png,LXPKoCn.jpeg
WJSN,Dawon,1997-03-16,gen3,South Korea,WJSN Dawon,https://static.wikia.nocookie.net/kpop/images/8/84/WJSN_Dawon_WJSN_2023_Season%27s_Greetings_The_Mood_teaser_01.png,BgOyRyT.jpeg
WJSN,Dayoung,1999-05-14,gen3,South Korea,WJSN Dayoung,https://static.wikia.nocookie.net/kpop/images/4/40/WJSN_Dayoung_WJSN_2023_Season%27s_Greetings_The_Mood_teaser_01.png,9BSdPVs.jpeg
Alice,Do-A,1999-02-02,gen3,South Korea,Alice Do-A,https://static.wikia.nocookie.net/kpop/images/9/9c/ALICE_Do-A_Dance_On_concept_photo_02.png,zVRRLbI.jpeg
Alice,Ej,1997-08-13,gen3,South Korea,Alice Ej,https://static.wikia.nocookie.net/kpop/images/3/3f/ALICE_EJ_Dance_On_concept_photo_02.png,a24mRTW.jpeg
CLC,Elkie,1998-11-02,gen3,Hong Kong,CLC Elkie,https://static.wikia.nocookie.net/kpop/images/a/a5/Elkie_for_BayPlus.jpg,A2ePc4V.jpeg
CLC,Eunbin,2000-01-06,gen3,South Korea,CLC Eunbin,https://static.wikia.nocookie.net/kpop/images/c/ca/CLC_Eunbin_Helicopter_Concept_Photo_1.png,IoGJjmK.jpeg
GFriend,Eunha,1997-05-30,gen3,South Korea,GFriend Eunha,https://static.wikia.nocookie.net/kpop/images/a/a0/VIVIZ_Eunha_Various_concept_photo_1.png,yU7yh7S.jpeg
WJSN,Eunseo,1998-05-27,gen3,South Korea,WJSN Eunseo,https://static.wikia.nocookie.net/kpop/images/7/75/WJSN_Eunseo_WJSN_2023_Season%27s_Greetings_The_Mood_teaser_01.png,tOUutRB.jpeg
WJSN,Exy,1995-11-06,gen3,South Korea,WJSN Exy,https://static.wikia.nocookie.net/kpop/images/4/4f/WJSN_Exy_WJSN_2023_Season%27s_Greetings_The_Mood_teaser_01.png,yyvmSX3.jpeg
Dreamcatcher,Gahyeon,1999-02-03,gen3,South Korea,Dreamcatcher Gahyeon,https://static.wikia.nocookie.net/kpop/images/c/ce/Dreamcatcher_Gahyeon_Apocalypse_Follow_Us_teaser_photo_%281%29.png,0Ozkm0F.jpeg
Dreamcatcher,Handong,1996-03-26,gen3,China,Dreamcatcher Handong,https://static.wikia.nocookie.net/kpop/images/3/34/Dreamcatcher_Handong_Apocalypse_Follow_Us_teaser_photo_%281%29.png,VahvT6i.jpeg
soloist,Heize,1991-08-09,gen3,South Korea,soloist Heize,https://static.wikia.nocookie.net/kpop/images/5/54/Heize_Undo_Concept_photo_10.png/,Prw6zC8.jpeg
Mamamoo,Hwasa,1995-07-23,gen3,South Korea,Mamamoo Hwasa,https://static.wikia.nocookie.net/kpop/images/4/48/MAMAMOO_Hwa_Sa_2023_Season%27s_Greetings_MOOMOO%27S_DONUTS_teaser_01.png,ygsowHa.jpeg
Momoland,Hyebin,1996-01-12,gen3,South Korea,Momoland Hyebin,https://static.wikia.nocookie.net/kpop/images/2/2e/MOMOLAND_Hyebin_Yummy_Yummy_Love_concept_photo.png,TP4UuZz.jpeg
Oh My Girl,Hyojung,1994-07-28,gen3,South Korea,Oh My Girl Hyojung,https://static.wikia.nocookie.net/kpop/images/c/c2/OH_MY_GIRL_Hyojung_Blue_%26_Black_concept_photo_01.png,bLDLeLv.jpeg
Red Velvet,Irene,1991-03-29,gen3,South Korea,Red Velvet Irene,https://static.wikia.nocookie.net/kpop/images/d/d4/Red_Velvet_Irene_%26_Seulgi_Monster_concept_photo.png,pjUI8gZ.jpeg
Momoland,Jane,1997-12-20,gen3,South Korea,Momoland Jane,https://static.wikia.nocookie.net/kpop/images/8/8f/MOMOLAND_Jane_Yummy_Yummy_Love_concept_photo.png,c4Abx8D.jpeg
Blackpink,Jennie,1996-01-16,gen3,South Korea,Blackpink Jennie,https://static.wikia.nocookie.net/kpop/images/e/e4/BLACKPINK_Jennie_%27Born_Pink%27_concept_photo_1.png,oRi9ZfP.jpeg
Twice,Jeongyeon,1996-11-01,gen3,South Korea,Twice Jeongyeon,https://static.wikia.nocookie.net/kpop/images/2/2a/TWICE_Jeongyeon_Ready_To_Be_concept_photo_1.png,n1MFrpZ.jpeg
Dreamcatcher,JiU,1994-05-17,gen3,South Korea,Dreamcatcher JiU,https://static.wikia.nocookie.net/kpop/images/0/01/Dreamcatcher_JiU_Apocalypse_Follow_Us_teaser_photo_%281%29.png,wuf8iAj.jpeg
Oh My Girl,Jiho,1997-04-04,gen3,South Korea,Oh My Girl Jiho,https://static.wikia.nocookie.net/kpop/images/e/ef/Gong_Jiho_P%26Studio_profile_picture_1.png,0vVJewB.png
Twice,Jihyo,1997-02-01,gen3,South Korea,Twice Jihyo,https://static.wikia.nocookie.net/kpop/images/9/9a/TWICE_Jihyo_Ready_To_Be_concept_photo_1.png,R744YmB.jpeg
Oh My Girl,JinE,1995-01-22,gen3,South Korea,Oh My Girl JinE,https://static.wikia.nocookie.net/kpop/images/6/6a/OH_MY_GIRL_JinE_A-ing_photo.png,TSdPLQU.jpeg
Blackpink,Jisoo,1995-02-03,gen3,South Korea,Blackpink Jisoo,https://static.wikia.nocookie.net/kpop/images/9/9f/BLACKPINK_Jisoo_%22Flower%22_title_poster.png,eVViRoz.jpeg
KARD,Jiwoo,1996-10-04,gen3,South Korea,KARD Jiwoo,https://static.wikia.nocookie.net/kpop/images/4/49/KARD_Jiwoo_Re_concept_photo_1.png,5tG01k3.jpeg
Momoland,Joo E,1999-08-18,gen3,South Korea,Momoland Joo E,https://static.wikia.nocookie.net/kpop/images/a/a8/MOMOLAND_JooE_Yummy_Yummy_Love_concept_photo.png,oUW6DCU.jpeg
Red Velvet,Joy,1996-09-03,gen3,South Korea,Red Velvet Joy,https://static.wikia.nocookie.net/kpop/images/9/95/Red_Velvet_Joy_2022_Winter_SMTOWN_SMCU_Palace_concept_photo_1.png,Cnht1zT.jpeg
Alice,Karin,2002-01-05,gen3,South Korea,Alice Karin,https://static.wikia.nocookie.net/kpop/images/c/c4/ALICE_Karin_Dance_On_concept_photo_02.png,6wA6ahq.jpeg
Blackpink,Lisa,1997-03-27,gen3,Thailand,Blackpink Lisa,https://static.wikia.nocookie.net/kpop/images/7/76/BLACKPINK_Lisa_Born_Pink_concept_poster.png,gTMe2BZ.jpeg
WJSN,Luda,1997-03-06,gen3,South Korea,WJSN Luda,https://static.wikia.nocookie.net/kpop/images/b/b4/WJSN_Luda_WJSN_2023_Season%27s_Greetings_The_Mood_teaser_01.png,sNHeJoK.jpeg
WJSN,Meiqi,1998-10-15,gen3,China,WJSN Meiqi,https://static.wikia.nocookie.net/kpop/images/f/fa/Meng_Mei_Qi_MUTE_From_Love_Not_Love_EP_Teaser_1.png,XnMFo7C.jpeg
Oh My Girl,Mimi,1995-05-01,gen3,South Korea,Oh My Girl Mimi,https://static.wikia.nocookie.net/kpop/images/d/de/OH_MY_GIRL_Mimi_Real_Love_Fruity_Photography_I_concept_photo_%282%29.png,GNk3VxJ.jpeg
Twice,Mina,1997-03-24,gen3,Japan,Twice Mina,https://static.wikia.nocookie.net/kpop/images/f/f9/TWICE_Mina_Ready_To_Be_concept_photo_1.png,0dMaUgi.jpeg
Twice,Momo,1996-11-09,gen3,Japan,Twice Momo,https://static.wikia.nocookie.net/kpop/images/b/b9/TWICE_Momo_Ready_To_Be_concept_photo_1.png,L08Fqco.jpeg
Mamamoo,Moonbyul,1992-12-22,gen3,South Korea,Mamamoo Moonbyul,https://static.wikia.nocookie.net/kpop/images/b/bb/MAMAMOO%2B_Moon_Byul_Chico_Malo_concept_photo_1.png,fUTjQlS.jpeg
Momoland,Nancy,2000-04-13,gen3,South Korea,Momoland Nancy,https://static.wikia.nocookie.net/kpop/images/0/0b/MOMOLAND_Nancy_Yummy_Yummy_Love_concept_photo.png,Q91XfYi.jpeg
Twice,Nayeon,1995-09-22,gen3,South Korea,Twice Nayeon,https://static.wikia.nocookie.net/kpop/images/1/13/TWICE_Nayeon_Ready_To_Be_concept_photo_1.png,rMTKhtO.jpeg
Momoland,Nayun,1998-07-31,gen3,South Korea,Momoland Nayun,https://static.wikia.nocookie.net/kpop/images/0/01/MOMOLAND_Nayun_Yummy_Yummy_Love_concept_photo.png,bYOICFA.jpeg
CLC,Oh Seunghee,1995-10-10,gen3,South Korea,CLC Oh Seunghee,https://static.wikia.nocookie.net/kpop/images/6/6c/CLC_Seunghee_Helicopter_concept_photo_3.png,xaWD832.jpeg
Blackpink,Rosé,1997-02-11,gen3,South Korea,Blackpink Rosé,https://static.wikia.nocookie.net/kpop/images/1/15/BLACKPINK_Ros%C3%A9_Born_Pink_concept_poster.png,P0NEqEM.jpeg
Twice,Sana,1996-12-29,gen3,Japan,Twice Sana,https://static.wikia.nocookie.net/kpop/images/4/4e/TWICE_Sana_Ready_To_Be_concept_photo_1.png,q9KXu3Q.jpeg
WJSN,Seola,1994-12-24,gen3,South Korea,WJSN Seola,https://static.wikia.nocookie.net/kpop/images/9/93/WJSN_Seola_WJSN_2023_Season%27s_Greetings_The_Mood_teaser_01.png/,orAL7JJ.jpeg
Red Velvet,Seulgi,1994-02-10,gen3,South Korea,Red Velvet Seulgi,https://static.wikia.nocookie.net/kpop/images/4/46/GOT_the_beat_Seulgi_Stamp_On_It_concept_photo_2.png,W06kTIF.jpeg
Oh My Girl,Seunghee,1996-01-25,gen3,South Korea,Oh My Girl Seunghee,https://static.wikia.nocookie.net/kpop/images/c/c8/OH_MY_GIRL_Seunghee_Real_Love_Fruity_Photography_I_concept_photo_%281%29.png,Q50ROdm.jpeg
CLC,Seungyeon,1996-11-06,gen3,South Korea,CLC Seungyeon,https://static.wikia.nocookie.net/kpop/images/6/61/Seungyeon_Wild_Entertainment_Group_profile_photo.png,Jed8028.jpeg
GFriend,SinB,1998-06-03,gen3,South Korea,GFriend SinB,https://static.wikia.nocookie.net/kpop/images/3/36/VIVIZ_SinB_Various_concept_photo_1.png,kifYGgw.jpeg
Dreamcatcher,Siyeon,1995-10-01,gen3,South Korea,Dreamcatcher Siyeon,https://static.wikia.nocookie.net/kpop/images/6/68/Dreamcatcher_Siyeon_Apocalypse_Follow_Us_teaser_photo_%281%29.png,TBBq4WL.jpeg
Alice,Sohee,1999-12-31,gen3,South Korea,Alice Sohee,https://static.wikia.nocookie.net/kpop/images/5/56/ALICE_Sohee_Yoyo_teaser_photo.png,dneO14e.jpeg
Mamamoo,Solar,1991-02-21,gen3,South Korea,Mamamoo Solar,https://static.wikia.nocookie.net/kpop/images/2/29/MAMAMOO%2B_Solar_Chico_Malo_concept_photo_1.png,U8TvcPF.jpeg
KARD,Somin,1996-08-22,gen3,South Korea,KARD Somin,https://static.wikia.nocookie.net/kpop/images/4/4b/KARD_Somin_Re_concept_photo_1.png,D4NphCi.jpeg
WJSN,Soobin,1996-09-14,gen3,South Korea,WJSN Soobin,https://static.wikia.nocookie.net/kpop/images/2/27/WJSN_Soobin_WJSN_2023_Season%27s_Greetings_The_Mood_teaser_01.png,BQwv9Tz.jpeg
CLC,Sorn,1996-11-18,gen3,Thailand,CLC Sorn,https://static.wikia.nocookie.net/kpop/images/8/80/Sorn_Not_A_Friend_promo_photo.png,eSEm3uN.jpeg
GFriend,Sowon,1995-12-07,gen3,South Korea,GFriend Sowon,https://static.wikia.nocookie.net/kpop/images/0/04/Kim_Sowon_OUI_Entertainment_profile_photo_%281%29.png,oDV5H6X.jpeg
Dreamcatcher,SuA,1994-08-10,gen3,South Korea,Dreamcatcher SuA,https://static.wikia.nocookie.net/kpop/images/b/b4/Dreamcatcher_SuA_Apocalypse_Follow_Us_teaser_photo_%281%29.png,ST8JIWU.jpeg
Momoland,Taeha,1998-06-03,gen3,South Korea,Momoland Taeha,https://static.wikia.nocookie.net/kpop/images/b/b0/MOMOLAND_Taeha_Fun_To_The_World_promo_photo.png,QUbhYcj.png
Twice,Tzuyu,1999-06-14,gen3,Taiwan,Twice Tzuyu,https://static.wikia.nocookie.net/kpop/images/f/f1/TWICE_Tzuyu_Ready_To_Be_concept_photo_1.png,WAvCrsx.jpeg
GFriend,Umji,1998-08-19,gen3,South Korea,GFriend Umji,https://static.wikia.nocookie.net/kpop/images/b/b1/VIVIZ_Umji_Various_concept_photo_1.png,wrPp8Cy.jpeg
Red Velvet,Wendy,1994-02-21,gen3,South Korea,Red Velvet Wendy,https://static.wikia.nocookie.net/kpop/images/a/a0/GOT_the_beat_Wendy_Stamp_On_It_concept_photo_4.png,WH9rr6x.jpeg
Mamamoo,WheeIn,1995-04-17,gen3,South Korea,Mamamoo WheeIn,https://static.wikia.nocookie.net/kpop/images/7/71/MAMAMOO_Whee_In_2023_Season%27s_Greetings_MOOMOO%27S_DONUTS_teaser_02.png,c3mIzuY.jpeg
WJSN,Xuanyi,1995-01-26,gen3,China,WJSN Xuanyi,https://static.wikia.nocookie.net/kpop/images/c/c6/Betty_Wu_Gift_concept_photo_1.png,mBe70T7.jpeg
CLC,Yeeun,1998-08-10,gen3,South Korea,CLC Yeeun,https://static.wikia.nocookie.net/kpop/images/9/91/Yeeun_Superbell_Company_profile_photo_%281%29.png,5kHZibb.jpeg
Alice,Yeonjae,1999-10-15,gen3,South Korea,Alice Yeonjae,https://static.wikia.nocookie.net/kpop/images/a/aa/ALICE_Yeonje_Dance_On_concept_photo_02.png,10ZPchD.jpeg
WJSN,Yeonjung,1999-08-03,gen3,South Korea,WJSN Yeonjung,https://static.wikia.nocookie.net/kpop/images/d/d8/WJSN_Yeonjung_WJSN_2023_Season%27s_Greetings_The_Mood_teaser_01.png,ignvRnZ.jpeg
Momoland,Yeonwoo,1996-08-01,gen3,South Korea,Momoland Yeonwoo,https://static.wikia.nocookie.net/kpop/images/a/a3/Yeonwoo_9ato_Entertainment_profile_photo.png,7Ttl95b.png
WJSN,Yeoreum,1999-01-10,gen3,South Korea,WJSN Yeoreum,https://static.wikia.nocookie.net/kpop/images/8/83/WJSN_Yeoreum_WJSN_2023_Season%27s_Greetings_The_Mood_teaser_01.png,Jl9w5bL.jpeg
Red Velvet,Yeri,1999-03-05,gen3,South Korea,Red Velvet Yeri,https://static.wikia.nocookie.net/kpop/images/6/67/Red_Velvet_Yeri_2022_Winter_SMTOWN_SMCU_Palace_concept_photo_1.png,MPGNtBJ.jpeg
GFriend,Yerin,1996-08-19,gen3,South Korea,GFriend Yerin,https://static.wikia.nocookie.net/kpop/images/9/95/Yerin_Sublime_Artist_Agency_profile_photo_%282023%29_%281%29.png,s9eLWMA.jpeg
Oh My Girl,Yooa,1995-09-17,gen3,South Korea,Oh My Girl Yooa,https://static.wikia.nocookie.net/kpop/images/4/4b/YooA_Selfish_concept_photo_2.png,1o1qhJJ.jpeg
Dreamcatcher,Yoohyeon,1997-01-07,gen3,South Korea,Dreamcatcher Yoohyeon,https://static.wikia.nocookie.net/kpop/images/8/87/Dreamcatcher_Yoohyeon_Apocalypse_Follow_Us_teaser_photo_%281%29.png,9xEwr19.jpeg
Oh My Girl,Yubin,1997-09-09,gen3,South Korea,Oh My Girl Yubin,https://static.wikia.nocookie.net/kpop/images/a/ae/OH_MY_GIRL_Yubin_Real_Love_Fruity_Photography_I_concept_photo_%282%29.png,CEsnUUc.jpeg
GFriend,Yuju,1997-10-04,gen3,South Korea,GFriend Yuju,https://static.wikia.nocookie.net/kpop/images/1/10/Yuju_O_concept_photo_03.png,FPWfUtk.jpeg
Alice,Yukyung,1999-11-05,gen3,South Korea,Alice Yukyung,https://static.wikia.nocookie.net/kpop/images/8/8b/ALICE_Yukyung_Dance_On_concept_photo_%282%29.png,iVNPZCO.jpeg
Everglow,Aisha,2000-06-21,gen 4,South Korea,Everglow Aisha,https://static.wikia.nocookie.net/kpop/images/5/5e/EVERGLOW_Aisha_Return_of_the_Girl_concept_photo_1.png,rJa57AJ.jpeg
soloist,BIBI,1998-09-27,gen 4,Hong Kong,soloist BIBI,https://static.wikia.nocookie.net/kpop/images/8/8b/BIBI_Motospeed_24_promo_photo_1.png,MZYVjcB.jpeg
Nmixx,Bae,2004-12-28,gen 4,South Korea,Nmixx Bae,https://static.wikia.nocookie.net/kpop/images/b/b2/NMIXX_Bae_Exp%C3%A9rgo_concept_photo_8.png,4v7fawb.jpeg
DreamNote,Boni,1999-10-30,gen 4,South Korea,DreamNote Boni,https://static.wikia.nocookie.net/kpop/images/6/64/DreamNote_Boni_Night_%28Winter_Ver.%29_concept_photo_%282%29.png,8JLrlbY.jpeg
Cherry Bullet,Bora,1999-03-03,gen 4,South Korea,Cherry Bullet Bora,https://static.wikia.nocookie.net/kpop/images/7/7b/Cherry_Bullet_Bo_Ra_Cherry_Dash_concept_photo_1.png,7daGrAp.jpeg
Kep1er,Chaehyun,2002-04-26,gen 4,South Korea,Kep1er Chaehyun,https://static.wikia.nocookie.net/kpop/images/4/46/Kep1er_Chaehyun_Fly-By_concept_photo_%281%29.png,3iFkhIT.jpeg
Cherry Bullet,Chaerin,2002-03-13,gen 4,South Korea,Cherry Bullet Chaerin,https://static.wikia.nocookie.net/kpop/images/8/80/Cherry_Bullet_Chae_Rin_Cherry_Dash_concept_photo_1.png,x4kf1Ze.jpeg
ITZY,Chaeryeong,2001-06-05,gen 4,South Korea,ITZY Chaeryeong,https://static.wikia.nocookie.net/kpop/images/a/a3/ITZY_Chaeryeong_Cheshire_concept_photo_1.png,ktFMVRd.jpeg
CLASS:y,Chaewon,2003-06-04,gen 4,South Korea,CLASS:y Chaewon,https://static.wikia.nocookie.net/kpop/images/8/8b/CLASSy_Chaewon_Target_concept_photo.png,bBK9diE.png
IZ*ONE,Chaewon,2000-08-01,gen 4,South Korea,IZ*ONE Chaewon,https://static.wikia.nocookie.net/kpop/images/d/d6/LE_SSERAFIM_Kim_Chaewon_Fearless_Japanese_single_concept_photo_2.png,mkJfJiC.jpeg
Fromis 9,Chaeyoung,2000-05-14,gen 4,South Korea,Fromis 9 Chaeyoung,https://static.wikia.nocookie.net/kpop/images/4/46/Fromis_9_Lee_Chaeyoung_2023_Seasons_Greetings_Lady_Luck_1.png,fRgO8rH.jpeg
cignature,Chloe,2001-01-06,gen 4,South Korea,cignature Chloe,https://static.wikia.nocookie.net/kpop/images/4/49/Cignature_Chloe_My_Little_Aurora_concept_photo_1.png,UBDrA3z.jpeg
LOONA,Choerry,2001-06-04,gen 4,South Korea,LOONA Choerry,https://static.wikia.nocookie.net/kpop/images/b/bc/LOONA_Choerry_0_concept_photo_1.png,h4pgvzO.jpeg
mimiirose,Choi Yeonjae,2000-12-06,gen 4,South Korea,mimiirose Choi Yeonjae,https://static.wikia.nocookie.net/kpop/images/4/41/Mimiirose_Choi_Yeonjae_Awesome_concept_photo_%281%29.png,6VjYFLa.jpeg
Lightsum,Chowon,2002-09-16,gen 4,South Korea,Lightsum Chowon,https://static.wikia.nocookie.net/kpop/images/1/1d/LIGHTSUM_Chowon_2023_Season%27s_Greetings_The_Perfect_Vacation_teaser_01.png,fhK3oM8.jpeg
bugAboo,Choyeon,2001-08-01,gen 4,South Korea,bugAboo Choyeon,https://static.wikia.nocookie.net/kpop/images/6/63/BugAboo_Choyeon_Pop_concept_photo_%281%29.png,OFDqTuX.jpeg
LOONA,Chuu,1999-10-20,gen 4,South Korea,LOONA Chuu,https://static.wikia.nocookie.net/kpop/images/0/01/LOONA_Chuu_Flip_That_concept_photo_4.png,t8Jbyq1.jpeg
bugAboo,Cyan,2001-04-04,gen 4,South Korea,bugAboo Cyan,https://static.wikia.nocookie.net/kpop/images/2/2e/BugAboo_Cyan_Pop_concept_photo_%281%29.png,6XoXRLX.jpeg
Pixy,Dajeong,2003-07-31,gen 4,South Korea,Pixy Dajeong,https://static.wikia.nocookie.net/kpop/images/1/1c/PIXY_Dajeong_Karma_is_a_B_promo_photo.png,KaxognB.png
Kep1er,Dayeon,2003-03-02,gen 4,South Korea,Kep1er Dayeon,https://static.wikia.nocookie.net/kpop/images/7/74/Kep1er_Dayeon_Fly-By_concept_photo_%281%29.png,AL2O2Ru.jpeg
Secret Number,Denise,2001-01-11,gen 4,South Korea,Secret Number Denise,https://static.wikia.nocookie.net/kpop/images/5/55/SECRET_NUMBER_Denise_Got_That_Boom_promo_photo.png,KfSxnem.jpeg
Pixy,Dia,2001-07-16,gen 4,South Korea,Pixy Dia,https://static.wikia.nocookie.net/kpop/images/c/cb/PIXY_Dia_Karma_is_a_B_promo_photo.png,d8TzxWI.png
Secret Number,Dita,1996-12-25,gen 4,Indonesia,Secret Number Dita,https://static.wikia.nocookie.net/kpop/images/a/a1/Secret_Number_Like_It_Like_It_Dita_teaser_image.png,qGjdpqr.png
cignature,Dohee,2002-08-01,gen 4,South Korea,cignature Dohee,https://static.wikia.nocookie.net/kpop/images/9/99/Cignature_Do_Hee_My_Little_Aurora_concept_photo_1.png,GsC1rbA.jpeg
Purple Kiss,Dosie,2000-02-11,gen 4,South Korea,Purple Kiss Dosie,https://static.wikia.nocookie.net/kpop/images/8/88/Purple_Kiss_Cabin_Fever_Dosie_concept_photo_%281%29.png,v1Rk5HP.jpeg
Everglow,E:U,1998-05-18,gen 4,South Korea,Everglow E:U,https://static.wikia.nocookie.net/kpop/images/7/7b/EVERGLOW_EU_Return_of_the_Girl_concept_photo_2.png,JWAmY6N.jpeg
Cherry Bullet,Ella,1998-03-26,gen 4,South Korea,Cherry Bullet Ella,https://static.wikia.nocookie.net/kpop/images/6/6c/PIXY_Ella_Call_Me_concept_photo.png,8DcEdmC.jpeg
bugAboo,Eunchae,1999-10-06,gen 4,South Korea,bugAboo Eunchae,https://static.wikia.nocookie.net/kpop/images/8/8d/BugAboo_Eunchae_Pop_concept_photo_%281%29.png,tdR8pe2.jpeg
DreamNote,Eunjo,2002-03-07,gen 4,South Korea,DreamNote Eunjo,https://static.wikia.nocookie.net/kpop/images/f/fd/DreamNote_Eunjo_Night_%28Winter_Ver.%29_concept_photo_%282%29.png,Q3ED4Vh.jpeg
IVE,Gaeul,2002-09-24,gen 4,South Korea,IVE Gaeul,https://static.wikia.nocookie.net/kpop/images/7/74/IVE_Gaeul_Love_Dive_Japanese_ver_teaser_photo.png,T8Z3Ygf.jpeg
Aespa,Giselle,2000-10-30,gen 4,South Korea,Aespa Giselle,https://static.wikia.nocookie.net/kpop/images/2/22/Aespa_Giselle_aespa_Week_promotional_poster.png,MVMIuQo.jpeg
Purple Kiss,Goeun,1999-09-03,gen 4,South Korea,Purple Kiss Goeun,https://static.wikia.nocookie.net/kpop/images/c/c4/Purple_Kiss_Cabin_Fever_Goeun_concept_photo_%281%29.png,1sKutUg.jpeg
LOONA,Gowon,2000-11-19,gen 4,South Korea,LOONA Gowon,https://static.wikia.nocookie.net/kpop/images/7/73/LOONA_Go_Won_0_concept_photo_1.png,2yWdo3m.jpeg
Fromis 9,Gyuri,1997-12-27,gen 4,South Korea,Fromis 9 Gyuri,https://static.wikia.nocookie.net/kpop/images/f/f7/Jang_Gyuri_JUST_Entertainment_profile_photo_1.png,CmU2rZ4.jpeg
DreamNote,Habin,2002-03-10,gen 4,South Korea,DreamNote Habin,https://static.wikia.nocookie.net/kpop/images/d/d5/DreamNote_HaBin_Dream_us_concept_photo_%28Cheerful_ver.%29.png,pGo5cIi.jpeg
Nmixx,Haewon,2003-02-25,gen 4,South Korea,Nmixx Haewon,https://static.wikia.nocookie.net/kpop/images/c/c6/NMIXX_Haewon_Exp%C3%A9rgo_concept_photo_8.png,dG6TDai.jpeg
Cherry Bullet,Haeyoon,1996-01-10,gen 4,South Korea,Cherry Bullet Haeyoon,https://static.wikia.nocookie.net/kpop/images/2/2e/Cherry_Bullet_Hae_Yoon_Cherry_Dash_concept_photo_1.png,rfaEF7x.jpeg
mimiirose,Han Yewon,2003-02-07,gen 4,South Korea,mimiirose Han Yewon,https://static.wikia.nocookie.net/kpop/images/6/6a/Mimiirose_Han_Yewon_Awesome_concept_photo_%281%29.png,utoAJKi.jpeg
DreamNote,Hanbyeol,2003-10-13,gen 4,South Korea,DreamNote Hanbyeol,https://static.wikia.nocookie.net/kpop/images/6/67/DreamNote_Hanbyeol_Dream_us_concept_photo_%28Cheerful_ver.%29.png,eVUb6VA.jpeg
NewJeans,Hanni,2004-10-06,gen 4,Australia,NewJeans Hanni,https://static.wikia.nocookie.net/kpop/images/4/4a/NewJeans_Hanni_OMG_concept_photo_%281%29.png,BAQpf6d.jpeg
Billlie,Haram,2001-01-13,gen 4,South Korea,Billlie Haram,https://static.wikia.nocookie.net/kpop/images/9/97/Billlie_Haram_The_Billage_of_Perception_Chapter_Three_concept_photo_2.png,ASjn2Cf.jpeg
LOONA,Haseul,1997-08-18,gen 4,South Korea,LOONA Haseul,https://static.wikia.nocookie.net/kpop/images/a/a5/LOONA_HaSeul_0_concept_photo_1.png,jPpp2t2.jpeg
Fromis 9,Hayoung,1997-09-29,gen 4,South Korea,Fromis 9 Hayoung,https://static.wikia.nocookie.net/kpop/images/1/16/Fromis_9_Song_Hayoung_2023_Seasons_Greetings_Lady_Luck_1.png,j7D1QPu.jpeg
LOONA,Heejin,2000-10-19,gen 4,South Korea,LOONA Heejin,https://static.wikia.nocookie.net/kpop/images/3/3e/LOONA_HeeJin_0_concept_photo_1.png,WVsI25A.jpeg
Kep1er,Hikaru,2004-03-12,gen 4,Japan,Kep1er Hikaru,https://static.wikia.nocookie.net/kpop/images/2/22/Kep1er_Hikaru_Fly-By_concept_photo_%281%29.png,aL6LdXP.jpeg
Lightsum,Hina,2003-04-07,gen 4,Japan,Lightsum Hina,https://static.wikia.nocookie.net/kpop/images/0/0a/LIGHTSUM_Hina_2023_Season%27s_Greetings_The_Perfect_Vacation_teaser_01.png,j4uAXQq.jpeg
IZ*ONE,Hitomi,2001-10-06,gen 4,Japan,IZ*ONE Hitomi,https://static.wikia.nocookie.net/kpop/images/4/4c/Honda_Hitomi_AKB48_2022.png,dD1LwN0.png
Kep1er,Huening Bahiyyih,2004-07-27,gen 4,United States,Kep1er Huening Bahiyyih,https://static.wikia.nocookie.net/kpop/images/3/3a/Kep1er_Huening_Bahiyyih_Fly-By_concept_photo_%281%29.png,kIRtP4b.jpeg
H1-KEY,Hwiseo,2002-07-31,gen 4,South Korea,H1-KEY Hwiseo,https://static.wikia.nocookie.net/kpop/images/6/62/H1-KEY_Hwiseo_Rose_Blossom_concept_photo_1.png,iEvd4KG.jpeg
CLASS:y,Hyeju,2003-12-09,gen 4,South Korea,CLASS:y Hyeju,https://static.wikia.nocookie.net/kpop/images/e/ed/CLASSy_Hyeju_Target_concept_photo.png,AmEu3MQ.png
IZ*ONE,Hyewon,1999-07-05,gen 4,South Korea,IZ*ONE Hyewon,https://static.wikia.nocookie.net/kpop/images/1/1e/Kang_Hye_Won_2023_Season%27s_Greetings_Fleur_teaser_1.png,DN8c4L9.jpeg
LOONA,Hyunjin,2000-11-15,gen 4,South Korea,LOONA Hyunjin,https://static.wikia.nocookie.net/kpop/images/7/7f/LOONA_HyunJin_0_concept_photo_1.png,SoY7pdM.jpeg
Purple Kiss,Ireh,2002-03-30,gen 4,South Korea,Purple Kiss Ireh,https://static.wikia.nocookie.net/kpop/images/9/9b/Purple_Kiss_Cabin_Fever_Ireh_concept_photo_%281%29.png,AyJEkUZ.jpeg
StayC,Isa,2002-01-23,gen 4,South Korea,StayC Isa,https://static.wikia.nocookie.net/kpop/images/f/fa/STAYC_Isa_Teddy_Bear_-Japanese_Ver.-_concept_photo.png,LyE3vcA.jpeg
StayC,J,2004-12-09,gen 4,South Korea,StayC J,https://static.wikia.nocookie.net/kpop/images/0/06/STAYC_J_Teddy_Bear_-Japanese_Ver.-_concept_photo.png,AOKfu2K.jpeg
Weeekly,Jaehee,2004-03-18,gen 4,South Korea,Weeekly Jaehee,https://static.wikia.nocookie.net/kpop/images/7/79/Weeekly_Lee_Jaehee_2023_Season%27s_Greetings_concept_photo_1.png,Kpwpbas.jpeg
(G)I-dle,Jeon Soyeon,1998-08-26,gen 4,South Korea,(G)I-dle Jeon Soyeon,https://static.wikia.nocookie.net/kpop/images/2/22/%28G%29I-DLE_Soyeon_2023_Season%27s_Greetings_Blooming_Day_teaser_01.png,y5TmZTG.jpeg
Purple Kiss,Jieun,1997-09-04,gen 4,South Korea,Purple Kiss Jieun,https://static.wikia.nocookie.net/kpop/images/3/33/PURPLE_KISS_Park_Ji_Eun_Geekyland_concept_photo_1.png,Ns3zyui.jpeg
Weeekly,Jihan,2004-07-12,gen 4,South Korea,Weeekly Jihan,https://static.wikia.nocookie.net/kpop/images/1/18/Weeekly_Jihan_2023_Season%27s_Greetings_concept_photo_1.png/,sIFY4Jw.jpeg
Fromis 9,Jiheon,2003-04-17,gen 4,South Korea,Fromis 9 Jiheon,https://static.wikia.nocookie.net/kpop/images/a/ab/Fromis_9_Baek_Jiheon_2023_Seasons_Greetings_Lady_Luck_1.png,M8fWt8Q.jpeg
Nmixx,Jinni,2004-04-16,gen 4,South Korea,Nmixx Jinni,https://static.wikia.nocookie.net/kpop/images/c/cc/NMIXX_Jinni_Elle_Korea_December_2022.png,uFwhX3r.jpeg
Secret Number,Jinny,1998-01-20,gen 4,South Korea,Secret Number Jinny,https://static.wikia.nocookie.net/kpop/images/b/bf/Secret_Number_Like_It_Like_It_Jinny_teaser_image.png,wl3BDmb.png
LOONA,Jinsoul,1997-06-13,gen 4,South Korea,LOONA Jinsoul,https://static.wikia.nocookie.net/kpop/images/4/48/LOONA_JinSoul_0_concept_photo_1.png,mhYU3fx.jpeg
Fromis 9,Jisun,1998-11-23,gen 4,South Korea,Fromis 9 Jisun,https://static.wikia.nocookie.net/kpop/images/1/1e/Fromis_9_Roh_Jisun_2023_Seasons_Greetings_Lady_Luck_1.png,kNOLlTe.jpeg
Cherry Bullet,Jiwon,2000-09-04,gen 4,South Korea,Cherry Bullet Jiwon,https://static.wikia.nocookie.net/kpop/images/2/21/Cherry_Bullet_Ji_Won_Cherry_Dash_concept_photo_1.png,qQFXszP.jpeg
Fromis 9,Jiwon,1998-03-20,gen 4,South Korea,Fromis 9 Jiwon,https://static.wikia.nocookie.net/kpop/images/f/f0/Fromis_9_Park_Jiwon_2023_Seasons_Greetings_Lady_Luck_1.png,cBlQ9zV.jpeg
IZ*ONE,Jo Yuri,2001-10-22,gen 4,South Korea,IZ*ONE Jo Yuri,https://static.wikia.nocookie.net/kpop/images/6/63/Jo_Yuri_Op.22_Y-Waltz_in_Minor_concept_photo_5.png,yuA83rb.jpeg
Lightsum,Juhyeon,2001-04-08,gen 4,South Korea,Lightsum Juhyeon,https://static.wikia.nocookie.net/kpop/images/7/7d/LIGHTSUM_Juhyeon_2023_Season%27s_Greetings_The_Perfect_Vacation_teaser_01.png,V8ZVLu4.jpeg
Rocket Punch,Juri,1997-10-03,gen 4,Japan,Rocket Punch Juri,https://static.wikia.nocookie.net/kpop/images/f/f2/Rocket_Punch_Juri_Doki_Doki_Love_concept_photo.png,0UCxUoQ.jpeg
Aespa,Karina,2000-04-11,gen 4,South Korea,Aespa Karina,https://static.wikia.nocookie.net/kpop/images/a/ad/Aespa_Karina_aespa_Week_promotional_poster.png,D1Ap9wA.jpeg
LE SSERAFIM,Kazuha,2003-08-09,gen 4,Japan,LE SSERAFIM Kazuha,https://static.wikia.nocookie.net/kpop/images/2/20/LE_SSERAFIM_Kazuha_Fearless_Japanese_single_concept_photo_2.png,Wvk9PQY.jpeg
tripleS,Kim Chaeyeon,2004-12-04,gen 4,South Korea,tripleS Kim Chaeyeon,https://static.wikia.nocookie.net/kpop/images/3/31/TripleS_Kim_ChaeYeon_Assemble_concept_photo.png,gyhIW6r.jpeg
LOONA,Kim Lip,1999-02-10,gen 4,South Korea,LOONA Kim Lip,https://static.wikia.nocookie.net/kpop/images/a/a9/LOONA_Kim_Lip_0_concept_photo_1.png,DIgYviS.jpeg
tripleS,Kim Nakyoung,2002-10-13,gen 4,South Korea,tripleS Kim Nakyoung,https://static.wikia.nocookie.net/kpop/images/8/8a/TripleS_Kim_NakYoung_Assemble_concept_photo.png,SQe9B3t.jpeg
tripleS,Kim Yooyeon,2001-02-09,gen 4,South Korea,tripleS Kim Yooyeon,https://static.wikia.nocookie.net/kpop/images/a/a4/TripleS_Kim_Yooyeon_Assemble_concept_photo_%281%29.png,UzUIDb9.png
Cherry Bullet,Kokoro,2000-11-01,gen 4,Japan,Cherry Bullet Kokoro,https://static.wikia.nocookie.net/kpop/images/e/e5/Cherry_Bullet_Cherry_Dash_group_concept_photo_1.png,aNCymZr.jpeg
IZ*ONE,Kwon Eunbi,1995-09-27,gen 4,South Korea,IZ*ONE Kwon Eunbi,https://static.wikia.nocookie.net/kpop/images/a/ac/Kwon_Eun_Bi_Lethality_concept_photo_1.png,PTIHNWz.jpeg
DreamNote,Lara,2000-08-09,gen 4,South Korea,DreamNote Lara,https://static.wikia.nocookie.net/kpop/images/6/65/DreamNote_Lara_Night_%28Winter_Ver.%29_concept_photo_%282%29.png,vDtITvk.jpeg
IZ*ONE,Lee Chaeyeon,2000-01-11,gen 4,South Korea,IZ*ONE Lee Chaeyeon,https://static.wikia.nocookie.net/kpop/images/e/ec/Lee_Chae_Yeon_Hush_Rush_concept_photo_2.png,yj8ONrF.jpeg
Weeekly,Lee Soojin,2001-12-12,gen 4,South Korea,Weeekly Lee Soojin,https://static.wikia.nocookie.net/kpop/images/1/19/Weeekly_Lee_Soojin_2023_Season%27s_Greetings_concept_photo_1.png,BmxYS16.jpeg
ITZY,Lia,2000-07-21,gen 4,South Korea,ITZY Lia,https://static.wikia.nocookie.net/kpop/images/1/14/ITZY_Lia_Cheshire_concept_photo_%281%29.png,zZvLYqT.jpeg
Nmixx,Lily,2002-10-17,gen 4,Australia,Nmixx Lily,https://static.wikia.nocookie.net/kpop/images/0/07/NMIXX_Lily_Exp%C3%A9rgo_concept_photo_7.png,w2vB92S.jpeg
Cherry Bullet,Lin Lin,2003-07-05,gen 4,Taiwan,Cherry Bullet Lin Lin,https://static.wikia.nocookie.net/kpop/images/e/e6/Lin_Lin_Great_Dance_Crew_promo_photo.png,FqL9MWI.jpeg
IVE,Liz,2004-11-21,gen 4,South Korea,IVE Liz,https://static.wikia.nocookie.net/kpop/images/c/c6/IVE_Liz_Love_Dive_Japanese_ver_teaser_photo.png,zPiNlw6.jpeg
Pixy,Lola,2001-02-22,gen 4,South Korea,Pixy Lola,https://static.wikia.nocookie.net/kpop/images/1/14/PIXY_Lola_Karma_is_a_B_promo_photo.png,KGgriYW.png
woo!ah!,Lucy,2004-04-09,gen 4,South Korea,woo!ah! Lucy,https://static.wikia.nocookie.net/kpop/images/a/ab/Wooah_Lucy_Pit_a_Pat_concept_photo_%281%29.png,MTcjlVy.jpeg
Secret Number,Léa,1995-08-12,gen 4,Japan,Secret Number Léa,https://static.wikia.nocookie.net/kpop/images/5/5b/Secret_Number_Like_It_Like_It_Lea_teaser_image.png,Rn9L1Ds.png
Kep1er,Mashiro,1999-12-16,gen 4,Japan,Kep1er Mashiro,https://static.wikia.nocookie.net/kpop/images/d/d5/Kep1er_Mashiro_Fly-By_concept_photo_%281%29.png,QiAFTGI.jpeg
Cherry Bullet,May,2004-11-16,gen 4,Japan,Cherry Bullet May,https://static.wikia.nocookie.net/kpop/images/e/e5/Cherry_Bullet_May_Cherry_Dash_concept_photo_1.png,ghR9CsQ.jpeg
LIMELIGHT,MiU,2003-01-09,gen 4,Japan,LIMELIGHT MiU,https://static.wikia.nocookie.net/kpop/images/9/96/LIMELIGHT_MiU_Love_%26_Happiness_concept_photo_2.png,t6qoDwF.jpeg
Everglow,Mia,2000-01-13,gen 4,South Korea,Everglow Mia,https://static.wikia.nocookie.net/kpop/images/9/91/EVERGLOW_Mia_Return_of_the_Girl_concept_photo_2.png,9D1XiU4.jpeg
NewJeans,Minji,2004-05-07,gen 4,South Korea,NewJeans Minji,https://static.wikia.nocookie.net/kpop/images/c/ca/NewJeans_Minji_OMG_concept_photo_%281%29.png,WlQor8p.jpeg
Secret Number,Minji,1999-03-31,gen 4,South Korea,Secret Number Minji,https://static.wikia.nocookie.net/kpop/images/f/f5/Secret_Number_Like_It_Like_It_Minji_teaser_image.png,xLx3UZd.png
IZ*ONE,Minju,2001-02-05,gen 4,South Korea,IZ*ONE Minju,https://static.wikia.nocookie.net/kpop/images/b/b4/Kim_Min_Ju_Management_SOOP_2022_profile_photo.png,P34Syds.png
(G)I-dle,Minnie,1997-10-23,gen 4,Thailand,(G)I-dle Minnie,https://static.wikia.nocookie.net/kpop/images/2/2e/%28G%29I-DLE_Minnie_2023_Season%27s_Greetings_Blooming_Day_teaser_01.png,uqvtN7Y.jpeg
woo!ah!,Minseo,2004-08-12,gen 4,South Korea,woo!ah! Minseo,https://static.wikia.nocookie.net/kpop/images/3/31/Wooah_Minseo_Pit_a_Pat_concept_photo_%281%29.png,0BLlFET.jpeg
DreamNote,Miso,2000-10-25,gen 4,South Korea,DreamNote Miso,https://static.wikia.nocookie.net/kpop/images/4/4b/DreamNote_Miso_Night_%28Winter_Ver.%29_concept_photo_%282%29.png,nluCDti.jpeg
(G)I-dle,Miyeon,1997-01-31,gen 4,South Korea,(G)I-dle Miyeon,https://static.wikia.nocookie.net/kpop/images/d/da/%28G%29I-DLE_Miyeon_2023_Season%27s_Greetings_Blooming_Day_teaser_01.png,XMybvbH.jpeg
Weeekly,Monday,2002-05-10,gen 4,South Korea,Weeekly Monday,https://static.wikia.nocookie.net/kpop/images/a/a0/Weeekly_Monday_2023_Season%27s_Greetings_concept_photo_1.png,tbEpRad.jpeg
Billlie,Moon Sua,1999-09-09,gen 4,South Korea,Billlie Moon Sua,https://static.wikia.nocookie.net/kpop/images/d/d2/Billlie_Moon_Sua_The_Billage_of_Perception_Chapter_Three_concept_photo_6.png,o6DbBam.jpeg
Fromis 9,Nagyung,2000-06-01,gen 4,South Korea,Fromis 9 Nagyung,https://static.wikia.nocookie.net/kpop/images/5/59/Fromis_9_Lee_Nagyung_2023_Seasons_Greetings_Lady_Luck_1.png,pcJXBJb.jpeg
IZ*ONE,Nako,2001-06-18,gen 4,Japan,IZ*ONE Nako,https://static.wikia.nocookie.net/kpop/images/a/a1/Yabuki_Nako_HKT48_2022.webp,3Ql89jt.png
woo!ah!,Nana,2001-03-09,gen 4,South Korea,woo!ah! Nana,https://static.wikia.nocookie.net/kpop/images/a/af/Wooah_Nana_Pit_a_Pat_concept_photo_%281%29.png,z5JYUNc.jpeg
Lightsum,Nayoung,2002-11-30,gen 4,South Korea,Lightsum Nayoung,https://static.wikia.nocookie.net/kpop/images/7/7f/LIGHTSUM_Nayoung_2023_Season%27s_Greetings_The_Perfect_Vacation_teaser_01.png,QWKyXl4.jpeg
Aespa,Ningning,2002-10-23,gen 4,China,Aespa Ningning,https://static.wikia.nocookie.net/kpop/images/2/26/Aespa_Ningning_aespa_Week_promotional_poster.png,zvTRLPD.jpeg
LOONA,Olivia Hye,2001-11-13,gen 4,South Korea,LOONA Olivia Hye,https://static.wikia.nocookie.net/kpop/images/9/97/LOONA_Olivia_Hye_0_concept_photo_2.png,xK2dn8s.jpeg
Everglow,Onda,2000-05-18,gen 4,South Korea,Everglow Onda,https://static.wikia.nocookie.net/kpop/images/b/bb/EVERGLOW_Onda_Return_of_the_Girl_concept_photo_2.png,ldQJqYq.jpeg
bugAboo,Rainie,2000-11-16,gen 4,Taiwan,bugAboo Rainie,https://static.wikia.nocookie.net/kpop/images/8/84/BugAboo_Rainie_Pop_concept_photo_%281%29.png,JV1pmC0.jpeg
IVE,Rei,2004-02-03,gen 4,South Korea,IVE Rei,https://static.wikia.nocookie.net/kpop/images/9/9b/IVE_Rei_Love_Dive_Japanese_ver_teaser_photo.png,tnmyE9S.jpeg
Cherry Bullet,Remi,2001-04-26,gen 4,Japan,Cherry Bullet Remi,https://static.wikia.nocookie.net/kpop/images/e/e5/Cherry_Bullet_Cherry_Dash_group_concept_photo_1.png,c6cwmtZ.jpeg
H1-KEY,Riina,2001-02-21,gen 4,South Korea,H1-KEY Riina,https://static.wikia.nocookie.net/kpop/images/7/73/H1-KEY_Riina_Rose_Blossom_concept_photo_2.png,oo8HjWu.jpeg
ITZY,Ryujin,2001-04-17,gen 4,South Korea,ITZY Ryujin,https://static.wikia.nocookie.net/kpop/images/f/f0/ITZY_Ryujin_Cheshire_concept_photo_1.png,cowp7cK.jpeg
Fromis 9,Saerom,1997-01-07,gen 4,South Korea,Fromis 9 Saerom,https://static.wikia.nocookie.net/kpop/images/1/14/Fromis_9_Lee_Saerom_2023_Seasons_Greetings_Lady_Luck_1.png,QBUCKpy.jpeg
IZ*ONE,Sakura,1998-03-19,gen 4,Japan,IZ*ONE Sakura,https://static.wikia.nocookie.net/kpop/images/1/15/LE_SSERAFIM_Sakura_Fearless_Japanese_single_concept_photo_2.png,eaZ3LVk.jpeg
Lightsum,Sangah,2002-09-04,gen 4,South Korea,Lightsum Sangah,https://static.wikia.nocookie.net/kpop/images/b/b3/LIGHTSUM_Sangah_2023_Season%27s_Greetings_The_Perfect_Vacation_teaser_01.png,B4MXH2e.jpeg
Pixy,Satbyeol,2001-02-27,gen 4,South Korea,Pixy Satbyeol,https://static.wikia.nocookie.net/kpop/images/a/a7/PIXY_Satbyeol_Reborn_concept_photo.png,FM29cSI.jpeg
StayC,Seeun,2003-06-14,gen 4,South Korea,StayC Seeun,https://static.wikia.nocookie.net/kpop/images/0/08/STAYC_Seeun_Teddy_Bear_-Japanese_Ver.-_concept_photo.png,itxLiZW.jpeg
cignature,Seline,2000-06-20,gen 4,South Korea,cignature Seline,https://static.wikia.nocookie.net/kpop/images/b/b5/Cignature_Seline_My_Little_Aurora_concept_photo_1.png,P9L2iM6.jpeg
cignature,Semi,2002-04-10,gen 4,South Korea,cignature Semi,https://static.wikia.nocookie.net/kpop/images/7/7e/Cignature_Semi_My_Little_Aurora_concept_photo_1.png,u2J7BeX.jpeg
H1-KEY,Seoi,2000-02-12,gen 4,South Korea,H1-KEY Seoi,https://static.wikia.nocookie.net/kpop/images/f/f3/H1-KEY_Rose_Blossom_group_concept_photo_2.png,sV3B4VD.jpeg
Fromis 9,Seoyeon,2000-01-22,gen 4,South Korea,Fromis 9 Seoyeon,https://static.wikia.nocookie.net/kpop/images/0/0c/Fromis_9_Lee_Seoyeon_2023_Seasons_Greetings_Lady_Luck_1.png,Xrfy3lS.jpeg
Billlie,Sheon,2003-01-28,gen 4,South Korea,Billlie Sheon,https://static.wikia.nocookie.net/kpop/images/c/c9/Billlie_Sheon_The_Billage_of_Perception_Chapter_Three_concept_photo_6.png,BVVD16R.jpeg
Weeekly,Shin Jiyoon,2002-03-02,gen 4,South Korea,Weeekly Shin Jiyoon,https://static.wikia.nocookie.net/kpop/images/4/49/Weeekly_Shin_Jiyoon_Play_Game_Awake_concept_photo_1.png,ysrCJoA.jpeg
(G)I-dle,Shuhua,2000-01-06,gen 4,Taiwan,(G)I-dle Shuhua,https://static.wikia.nocookie.net/kpop/images/3/3b/%28G%29I-DLE_Shuhua_2023_Season%27s_Greetings_Blooming_Day_teaser_01.png,Qdr4R8k.jpeg
StayC,Sieun,2001-08-01,gen 4,South Korea,StayC Sieun,https://static.wikia.nocookie.net/kpop/images/2/24/STAYC_Sieun_Teddy_Bear_-Japanese_Ver.-_concept_photo.png,4BQ1fOw.jpeg
Everglow,Sihyeon,1999-08-05,gen 4,South Korea,Everglow Sihyeon,https://static.wikia.nocookie.net/kpop/images/6/6c/EVERGLOW_Sihyeon_Return_of_the_Girl_concept_photo_1.png,mcUJPQo.jpeg
H1-KEY,Sitala,1996-04-23,gen 4,Thailand,H1-KEY Sitala,https://static.wikia.nocookie.net/kpop/images/a/a4/H1-KEY_Sitala_Athletic_Girl_concept_photo_1.png,9j3p0sQ.jpeg
Weeekly,Soeun,2002-10-26,gen 4,South Korea,Weeekly Soeun,https://static.wikia.nocookie.net/kpop/images/d/d0/Weeekly_Park_Soeun_2023_Season%27s_Greetings_concept_photo_1.png,5VHXXX9.jpeg
Rocket Punch,Sohee,2003-08-14,gen 4,South Korea,Rocket Punch Sohee,https://static.wikia.nocookie.net/kpop/images/f/fc/Rocket_Punch_Sohee_Doki_Doki_Love_concept_photo_1.png,ZLWJdWL.jpeg
woo!ah!,Songyee,2004-09-25,gen 4,South Korea,woo!ah! Songyee,https://static.wikia.nocookie.net/kpop/images/e/e4/Woo%21ah%21_Songyee_Exclamation_concept_photo.png,jbpJSjX.png
Secret Number,Soodam,1999-11-09,gen 4,South Korea,Secret Number Soodam,https://static.wikia.nocookie.net/kpop/images/1/1c/Secret_Number_Like_It_Like_It_Soodam_teaser_image.png,R9IEFX8.png
(G)I-dle,Soojin,1998-03-09,gen 4,South Korea,(G)I-dle Soojin,https://static.wikia.nocookie.net/kpop/images/8/85/%28G%29I-DLE_Soojin_I_Burn_concept_photo_1.png,OwYItiW.jpeg
woo!ah!,Sora,2003-08-30,gen 4,Japan,woo!ah! Sora,https://static.wikia.nocookie.net/kpop/images/f/fd/Wooah_Sora_Pit_a_Pat_concept_photo_%281%29.png,IcM5rvi.jpeg
Pixy,Sua,2003-02-24,gen 4,South Korea,Pixy Sua,https://static.wikia.nocookie.net/kpop/images/2/26/PIXY_Sua_Karma_is_a_B_promo_photo.png,YaCIUiX.png
LIMELIGHT,Suhye,2004-12-13,gen 4,South Korea,LIMELIGHT Suhye,https://static.wikia.nocookie.net/kpop/images/3/37/LIMELIGHT_Suhye_Love_%26_Happiness_concept_photo_3.png,Wzh3dxC.jpeg
Billlie,Suhyeon,2000-01-15,gen 4,South Korea,Billlie Suhyeon,https://static.wikia.nocookie.net/kpop/images/e/ea/Billlie_Suhyeon_The_Billage_of_Perception_Chapter_Three_concept_photo_6.png,KP9mD0a.jpeg
Nmixx,Sullyoon,2004-01-26,gen 4,South Korea,Nmixx Sullyoon,https://static.wikia.nocookie.net/kpop/images/7/73/NMIXX_Sullyoon_Exp%C3%A9rgo_concept_photo_8.png,Xzpy7WP.jpeg
DreamNote,Sumin,2001-09-07,gen 4,South Korea,DreamNote Sumin,https://static.wikia.nocookie.net/kpop/images/f/ff/DreamNote_Sumin_Night_%28Winter_Ver.%29_concept_photo_%282%29.png,43evPlY.jpeg
StayC,Sumin,2001-03-13,gen 4,South Korea,StayC Sumin,https://static.wikia.nocookie.net/kpop/images/9/9b/STAYC_Sumin_Teddy_Bear_-Japanese_Ver.-_concept_photo.png,pKmyPO6.jpeg
Rocket Punch,Suyun,2001-03-17,gen 4,South Korea,Rocket Punch Suyun,https://static.wikia.nocookie.net/kpop/images/9/95/Rocket_Punch_Suyun_Doki_Doki_Love_concept_photo_1.png,zjSoRLp.jpeg
Purple Kiss,Swan,2003-07-11,gen 4,South Korea,Purple Kiss Swan,https://static.wikia.nocookie.net/kpop/images/a/ad/Purple_Kiss_Cabin_Fever_Swan_concept_photo_%281%29.png,nu2C9mE.jpeg
Billlie,Tsuki,2002-09-21,gen 4,Japan,Billlie Tsuki,https://static.wikia.nocookie.net/kpop/images/4/46/Billlie_Tsuki_The_Billage_of_Perception_Chapter_Three_concept_photo_6.png,dmrJFz9.jpeg
LOONA,Vivi,1996-12-09,gen 4,South Korea,LOONA Vivi,https://static.wikia.nocookie.net/kpop/images/2/21/LOONA_ViVi_0_concept_photo_1.png,JRJ1z7J.jpeg
Aespa,Winter,2001-01-01,gen 4,South Korea,Aespa Winter,https://static.wikia.nocookie.net/kpop/images/a/ae/Aespa_Winter_aespa_Week_promotional_poster.png,uyH3Fk2.jpeg
IZ*ONE,Wonyoung,2004-08-31,gen 4,South Korea,IZ*ONE Wonyoung,https://static.wikia.nocookie.net/kpop/images/9/9c/IVE_Wonyoung_Love_Dive_Japanese_ver_teaser_photo.png,ffiYmls.jpeg
woo!ah!,Wooyeon,2003-02-11,gen 4,South Korea,woo!ah! Wooyeon,https://static.wikia.nocookie.net/kpop/images/e/ee/Wooah_Wooyeon_Pit_a_Pat_concept_photo_%281%29.png,klfi3gm.jpeg
Kep1er,XiaoTing,1999-11-12,gen 4,China,Kep1er XiaoTing,https://static.wikia.nocookie.net/kpop/images/4/48/Kep1er_Xiaoting_Fly-By_concept_photo_%281%29.png,6mKGQai.jpeg
IZ*ONE,YENA,1999-09-29,gen 4,South Korea,IZ*ONE YENA,https://static.wikia.nocookie.net/kpop/images/5/5f/Yena_Love_War_concept_photo_3.png,Iu3kw6J.jpeg
ITZY,Yeji,2000-03-26,gen 4,South Korea,ITZY Yeji,https://static.wikia.nocookie.net/kpop/images/5/59/ITZY_Yeji_Cheshire_concept_photo_1.png,v34n03f.jpeg
H1-KEY,Yel,2004-12-25,gen 4,South Korea,H1-KEY Yel,https://static.wikia.nocookie.net/kpop/images/a/ad/H1-KEY_Yel_Rose_Blossom_concept_photo_1.png,i5hCOlG.jpeg
LOONA,Yeojin,2002-11-11,gen 4,South Korea,LOONA Yeojin,https://static.wikia.nocookie.net/kpop/images/5/5a/LOONA_YeoJin_0_concept_photo_1.png,PxM3e82.jpeg
Rocket Punch,Yeonhee,2000-12-06,gen 4,South Korea,Rocket Punch Yeonhee,https://static.wikia.nocookie.net/kpop/images/0/0d/Rocket_Punch_Doki_Doki_Love_Yeonhee_concept_photo.png,pvfUDf0.jpeg
Everglow,Yiren,2000-12-29,gen 4,China,Everglow Yiren,https://static.wikia.nocookie.net/kpop/images/7/79/Wang_Yiren_Call_Call_teaser_photo_9.png,3OJnqr6.jpeg
StayC,Yoon,2004-04-14,gen 4,South Korea,StayC Yoon,https://static.wikia.nocookie.net/kpop/images/b/bb/STAYC_Yoon_Teddy_Bear_-Japanese_Ver.-_concept_photo.png,d0JkzEi.jpeg
mimiirose,Yoon Jia,2004-01-16,gen 4,South Korea,mimiirose Yoon Jia,https://static.wikia.nocookie.net/kpop/images/6/64/Mimiirose_Yoon_Jia_Awesome_concept_photo_%281%29.png,deltl13.jpeg
tripleS,Yoon Seoyeon,2003-08-06,gen 4,South Korea,tripleS Yoon Seoyeon,https://static.wikia.nocookie.net/kpop/images/7/7f/TripleS_Yoon_SeoYeon_Assemble_concept_photo.png,W9s8QlT.jpeg
bugAboo,Yoona,2000-10-13,gen 4,Japan,bugAboo Yoona,https://static.wikia.nocookie.net/kpop/images/5/5d/BugAboo_Yoona_Pop_concept_photo_%281%29.png,SxPWVXv.jpeg
UNI.T,Yoonjo,1992-12-14,gen 4,South Korea,UNI.T Yoonjo,https://static.wikia.nocookie.net/kpop/images/6/60/UNI.T_Yoonjo_Begin_With_the_End_promo_photo.png,OdCgmz0.jpeg
DreamNote,Youi,2000-04-24,gen 4,South Korea,DreamNote Youi,https://static.wikia.nocookie.net/kpop/images/5/56/DreamNote_Youi_Night_%28Winter_Ver.%29_concept_photo_%282%29.png,htfKw3r.jpeg
Kep1er,Youngeun,2004-12-27,gen 4,South Korea,Kep1er Youngeun,https://static.wikia.nocookie.net/kpop/images/3/34/Kep1er_Youngeun_Fly-By_concept_photo_%281%29.png,mJi6Ydw.jpeg
Lightsum,Yujeong,2004-06-14,gen 4,South Korea,Lightsum Yujeong,https://static.wikia.nocookie.net/kpop/images/2/23/LIGHTSUM_Yujeong_2023_Season%27s_Greetings_The_Perfect_Vacation_teaser_01.png,DSuJ9Fe.jpeg
IZ*ONE,Yujin,2003-09-01,gen 4,South Korea,IZ*ONE Yujin,https://static.wikia.nocookie.net/kpop/images/6/60/IVE_Yujin_Love_Dive_Japanese_ver_teaser_photo.png,vAir9sK.jpeg
Cherry Bullet,Yuju,1997-03-05,gen 4,South Korea,Cherry Bullet Yuju,https://static.wikia.nocookie.net/kpop/images/5/58/Cherry_Bullet_Yu_Ju_Cherry_Dash_concept_photo_1.png,7nuHrwk.jpeg
Purple Kiss,Yuki,2002-11-06,gen 4,Japan,Purple Kiss Yuki,https://static.wikia.nocookie.net/kpop/images/5/52/Purple_Kiss_Cabin_Fever_Yuki_concept_photo_%281%29.png,TQUCZcw.jpeg
ITZY,Yuna,2003-12-09,gen 4,South Korea,ITZY Yuna,https://static.wikia.nocookie.net/kpop/images/5/5f/ITZY_Yuna_Chesire_concept_photo_%281%29.png,Ci4oipF.jpeg
LE SSERAFIM,Yunjin,2001-10-08,gen 4,South Korea,LE SSERAFIM Yunjin,https://static.wikia.nocookie.net/kpop/images/4/45/LE_SSERAFIM_Huh_Yunjin_Fearless_Japanese_single_concept_photo_2.png,HWB9vGc.jpeg
Rocket Punch,Yunkyoung,2001-11-01,gen 4,South Korea,Rocket Punch Yunkyoung,https://static.wikia.nocookie.net/kpop/images/7/7e/Rocket_Punch_Yunkyoung_Doki_Doki_Love_concept_photo_1.png,PwcvE8N.jpeg
(G)I-dle,Yuqi,1999-09-23,gen 4,China,(G)I-dle Yuqi,https://static.wikia.nocookie.net/kpop/images/d/d9/%28G%29I-DLE_Yuqi_2023_Season%27s_Greetings_Blooming_Day_teaser_01.png,0Sv9uJB.jpeg
LOONA,Yves,1997-05-24,gen 4,South Korea,LOONA Yves,https://static.wikia.nocookie.net/kpop/images/9/9b/LOONA_Yves_0_concept_photo_1.png,UsZ7cPu.jpeg
bugAboo,Zin,2001-08-31,gen 4,South Korea,bugAboo Zin,https://static.wikia.nocookie.net/kpop/images/e/e4/BugAboo_Zin_Pop_concept_photo_%282%29.png,RDa2WZg.jpeg
Secret Number,Zuu,2000-03-24,gen 4,South Korea,Secret Number Zuu,https://static.wikia.nocookie.net/kpop/images/8/89/Secret_Number_Like_It_Like_It_Zuu_teaser_image.png,9a0eCn2.png